Method,Model,Accuracy,Precision,Recall,F1
mir,ANN,0.7481481481481481,0.7463948605280429,0.7481481481481481,0.746099510075862
mir,CNN,0.762962962962963,0.7649709813473687,0.762962962962963,0.7626113468014175
