Method,Model,Accuracy,Precision,Recall,F1
skb,ANN,0.7481481481481481,0.7480758176475966,0.7481481481481481,0.7433866721379089
skb,CNN,0.7432098765432099,0.7542551020451695,0.7432098765432099,0.7454206388218072
