Method,Model,Accuracy,Precision,Recall,F1
mi,ANN,0.7604938271604939,0.7632430052808331,0.7604938271604939,0.7555695945946048
mi,CNN,0.7283950617283951,0.7386840689322446,0.7283950617283951,0.7310342585447183
