Accuracy,Precision,Recall,F1,Method,Model,Optimizer,TimeSec
0.817283950617284,0.8190286310747521,0.817283950617284,0.8177827403320362,skb,Logistic Regression,Randomized,1.0579569339752197
0.745679012345679,0.7459553457542082,0.745679012345679,0.7441536085745973,skb,Gradient Boosting,Randomized,44.911025524139404
0.7728395061728395,0.7748889243883763,0.7728395061728395,0.7710771399480506,skb,KNN,Randomized,0.2996375560760498
0.7876543209876543,0.7888904274767977,0.7876543209876543,0.7876699794164573,skb,Random Forest,Randomized,9.718679428100586
0.6888888888888889,0.6912623179289845,0.6888888888888889,0.6858062707100895,skb,Decision Tree,Randomized,0.10298395156860352
0.7925925925925926,0.7918160863699608,0.7925925925925926,0.7909120634122085,skb,SVM,Randomized,3.6506216526031494
