Method,Model,Accuracy,Precision,Recall,F1
mir,ANN,0.817283950617284,0.8212675375907835,0.817283950617284,0.8163469912164445
mir,CNN,0.8419753086419753,0.8449764285591977,0.8419753086419753,0.8425877682562435
