eval_loss,eval_accuracy,eval_precision,eval_recall,eval_f1,eval_runtime,eval_samples_per_second,eval_steps_per_second,epoch,model
1.3412543535232544,0.4296296296296296,0.4401067159050352,0.4296296296296296,0.4130359652484164,55.6188,7.282,0.917,5.0,bert-base-uncased
1.3460198640823364,0.4345679012345679,0.4330697065733251,0.4345679012345679,0.4084890940747257,54.7584,7.396,0.931,5.0,clinical-bert
1.3458025455474854,0.4320987654320987,0.4359412122832626,0.4320987654320987,0.4098860543050653,27.9138,14.509,1.827,5.0,distilbert-base-uncased
1.3524428606033323,0.4074074074074074,0.4133505572416693,0.4074074074074074,0.3930203103417994,54.0306,7.496,0.944,5.0,biobert-base-cased-v1.1
1.354619026184082,0.4123456790123457,0.412117884578736,0.4123456790123457,0.3930856324660449,61.9952,6.533,0.823,5.0,albert-base-v2
