Method,Model,Accuracy,Precision,Recall,F1
mi,ANN,0.782716049382716,0.7823285767983681,0.782716049382716,0.7803891585045507
mi,CNN,0.8,0.8064953128474,0.8,0.801344626366706
