Accuracy,Precision,Recall,F1,Method,Model,Optimizer,TimeSec
0.817283950617284,0.819014139351832,0.817283950617284,0.8179392141796757,skb,Logistic Regression,Bayes,15.55524730682373
0.7950617283950617,0.7950311392562648,0.7950617283950617,0.7940658317057451,skb,Gradient Boosting,Bayes,85.6732873916626
0.745679012345679,0.7456859896080165,0.745679012345679,0.7438525007220511,skb,KNN,Bayes,12.142510890960693
0.7802469135802469,0.7848137555118369,0.7802469135802469,0.7785626142968735,skb,Random Forest,Bayes,27.567578077316284
0.6962962962962963,0.6951051352883292,0.6962962962962963,0.6948701840783786,skb,Decision Tree,Bayes,13.2794668674469
0.7925925925925926,0.7919751473103671,0.7925925925925926,0.7913931796619648,skb,SVM,Bayes,18.88254404067993
