eval_loss,eval_accuracy,eval_precision,eval_recall,eval_f1,eval_runtime,eval_samples_per_second,eval_steps_per_second,epoch,model
1.1377522945404053,0.5259259259259259,0.5170102137231767,0.5259259259259259,0.5185435697995506,55.3762,7.314,0.921,5.0,bert-base-uncased
1.135530948638916,0.5037037037037037,0.4887894583697052,0.5037037037037037,0.4889826299494298,54.8795,7.38,0.929,5.0,clinical-bert
1.1226482391357422,0.5259259259259259,0.5171921671014127,0.5259259259259259,0.5188848603765112,27.5431,14.704,1.852,5.0,distilbert-base-uncased
1.139685034751892,0.491358024691358,0.4790452403427916,0.491358024691358,0.4820765507469814,53.7901,7.529,0.948,5.0,biobert-base-cased-v1.1
1.1290124654769895,0.508641975308642,0.504674239211894,0.508641975308642,0.5038964881547559,61.9079,6.542,0.824,5.0,albert-base-v2
