Accuracy,Precision,Recall,F1,Method,Model,Optimizer,TimeSec
0.7654320987654321,0.7720771877804342,0.7654320987654321,0.7664392474251562,fscs,Logistic Regression,Bayes,9.426599264144897
0.7506172839506173,0.7577400515927086,0.7506172839506173,0.7509833249214166,fscs,Gradient Boosting,Bayes,179.38956761360168
0.7160493827160493,0.7279684317221321,0.7160493827160493,0.7088993733380712,fscs,KNN,Bayes,31.929051399230957
0.7580246913580246,0.7653873285271565,0.7580246913580246,0.7577785234717297,fscs,Random Forest,Bayes,36.55645394325256
0.6765432098765433,0.6819214596730224,0.6765432098765433,0.6759702059940506,fscs,Decision Tree,Bayes,12.501984357833862
0.7604938271604939,0.7686215427692308,0.7604938271604939,0.7608654174919138,fscs,SVM,Bayes,20.057117700576782
