Accuracy,Precision,Recall,F1,Method,Model,Optimizer,TimeSec
0.7876543209876543,0.7886274129339851,0.7876543209876543,0.7871443551932665,rfe,Logistic Regression,Bayes,15.414624214172363
0.7654320987654321,0.7687602628012322,0.7654320987654321,0.7659902298228127,rfe,Gradient Boosting,Bayes,222.1317675113678
0.7135802469135802,0.7201249536379026,0.7135802469135802,0.7114143025946372,rfe,KNN,Bayes,69.18969798088074
0.7802469135802469,0.7873793705992711,0.7802469135802469,0.7818311490464626,rfe,Random Forest,Bayes,113.65590929985046
0.7037037037037037,0.7070987701557286,0.7037037037037037,0.7036571630931329,rfe,Decision Tree,Bayes,72.10307669639587
0.7703703703703704,0.7734883765775706,0.7703703703703704,0.7700708360193131,rfe,SVM,Bayes,66.08830857276917
