Accuracy,Precision,Recall,F1,Method,Model,Optimizer,TimeSec
0.817283950617284,0.8186726327148609,0.817283950617284,0.8174306846476589,mi,Logistic Regression,Grid,0.08146405220031738
0.7975308641975308,0.7977694957331583,0.7975308641975308,0.7971723727631476,mi,Gradient Boosting,Grid,11.338923931121826
0.7481481481481481,0.7481298160796871,0.7481481481481481,0.7466238123072174,mi,KNN,Grid,0.18374037742614746
0.7728395061728395,0.773462245365674,0.7728395061728395,0.7726195962300132,mi,Random Forest,Grid,1.640070915222168
0.6987654320987654,0.6984725156399261,0.6987654320987654,0.6975132202670312,mi,Decision Tree,Grid,0.0381312370300293
0.7950617283950617,0.7955825856732611,0.7950617283950617,0.7938015979532945,mi,SVM,Grid,0.6800193786621094
