Method,Model,Accuracy,Precision,Recall,F1
pc,ANN,0.762962962962963,0.76139042519368,0.762962962962963,0.7596113863385948
pc,CNN,0.7703703703703704,0.7715800946829373,0.7703703703703704,0.7700964628046405
