Method,Model,Accuracy,Precision,Recall,F1
etc,ANN,0.7876543209876543,0.7862631740564672,0.7876543209876543,0.7850053653477836
etc,CNN,0.8197530864197531,0.8260938524264995,0.8197530864197531,0.8214604957113998
