Accuracy,Precision,Recall,F1,Method,Model,Optimizer,TimeSec
0.8296296296296296,0.8327225666174368,0.8296296296296296,0.8297242618681727,vt,Logistic Regression,Bayes,12.694780349731445
0.8,0.8017111388204234,0.8,0.8001501434881712,vt,Gradient Boosting,Bayes,111.40921592712402
0.7703703703703704,0.7807176150275598,0.7703703703703704,0.7646369698829795,vt,KNN,Bayes,13.195663213729858
0.7901234567901234,0.7939213782732426,0.7901234567901234,0.7903986096810109,vt,Random Forest,Bayes,31.017380475997925
0.7234567901234568,0.7307338311306565,0.7234567901234568,0.7241041171563843,vt,Decision Tree,Bayes,12.325693130493164
0.8074074074074075,0.814432139611351,0.8074074074074075,0.8066418756561233,vt,SVM,Bayes,17.217844009399414
