Method,Model,Accuracy,Precision,Recall,F1
rfe,ANN,0.7802469135802469,0.7802625870358066,0.7802469135802469,0.7789347054383141
rfe,CNN,0.7728395061728395,0.7818197299884314,0.7728395061728395,0.7752796222125354
