Method,Model,Accuracy,Precision,Recall,F1
rfe,ANN,0.7530864197530864,0.7627725006396171,0.7530864197530864,0.7481580265410009
rfe,CNN,0.7604938271604939,0.7633268177688941,0.7604938271604939,0.7604420089251778
