Accuracy,Precision,Recall,F1,Method,Model,Optimizer,TimeSec
0.8296296296296296,0.8309320227414098,0.8296296296296296,0.8296261879707718,pc,Logistic Regression,Grid,0.2942330837249756
0.762962962962963,0.7635781053777012,0.762962962962963,0.7618177479073187,pc,Gradient Boosting,Grid,27.93467378616333
0.7111111111111111,0.7224072470739137,0.7111111111111111,0.7054622286441792,pc,KNN,Grid,0.22525429725646973
0.7753086419753087,0.777914996025691,0.7753086419753087,0.7748342615075514,pc,Random Forest,Grid,3.672956705093384
0.6814814814814815,0.6811695955233293,0.6814814814814815,0.6780920576191006,pc,Decision Tree,Grid,0.2165813446044922
0.817283950617284,0.8176841209025116,0.817283950617284,0.8169950547057787,pc,SVM,Grid,1.7374467849731445
