Method,Model,Accuracy,Precision,Recall,F1
skb,ANN,0.7901234567901234,0.7951170763369674,0.7901234567901234,0.7871970438294865
skb,CNN,0.7703703703703704,0.7807747236202521,0.7703703703703704,0.7722287200976493
