Method,Model,Accuracy,Precision,Recall,F1
vt,ANN,0.7802469135802469,0.7791566507216625,0.7802469135802469,0.7776845441930859
vt,CNN,0.7975308641975308,0.7979952069588778,0.7975308641975308,0.7971301949730323
