Method,Model,Accuracy,Precision,Recall,F1
pc,ANN,0.8123456790123457,0.816733550759124,0.8123456790123457,0.810226065290645
pc,CNN,0.7753086419753087,0.7890709716087349,0.7753086419753087,0.777025473207586
