Accuracy,Precision,Recall,F1,Method,Model,Optimizer,TimeSec
0.8123456790123457,0.8155548478409701,0.8123456790123457,0.8120920092624855,fscs,Logistic Regression,Grid,0.10505938529968262
0.7679012345679013,0.7713427754195777,0.7679012345679013,0.7671840699094368,fscs,Gradient Boosting,Grid,13.635791063308716
0.7185185185185186,0.7300181890795585,0.7185185185185186,0.7149767412203107,fscs,KNN,Grid,0.09938597679138184
0.7925925925925926,0.7999524412609298,0.7925925925925926,0.7924190840764619,fscs,Random Forest,Grid,1.9036271572113037
0.7382716049382716,0.7427508966189749,0.7382716049382716,0.7360710670113874,fscs,Decision Tree,Grid,0.05190634727478027
0.8074074074074075,0.81208438370086,0.8074074074074075,0.8081479262977438,fscs,SVM,Grid,0.7973136901855469
