Method,Model,Accuracy,Precision,Recall,F1
vt,ANN,0.8024691358024691,0.8050179154821309,0.8024691358024691,0.8016925283442241
vt,CNN,0.8098765432098766,0.8114171052315383,0.8098765432098766,0.8099320330773545
