eval_loss,eval_accuracy,eval_precision,eval_recall,eval_f1,eval_runtime,eval_samples_per_second,eval_steps_per_second,epoch,model
1.1377522945404053,0.5259259259259259,0.5170102137231767,0.5259259259259259,0.5185435697995506,54.9729,7.367,0.928,5.0,bert
1.135530948638916,0.5037037037037037,0.4887894583697052,0.5037037037037037,0.4889826299494298,57.2028,7.08,0.892,5.0,clinical_bert
1.1226482391357422,0.5259259259259259,0.5171921671014127,0.5259259259259259,0.5188848603765112,27.8179,14.559,1.833,5.0,distilbert
1.139685034751892,0.491358024691358,0.4790452403427916,0.491358024691358,0.4820765507469814,62.4771,6.482,0.816,5.0,biobert
1.1290124654769895,0.508641975308642,0.504674239211894,0.508641975308642,0.5038964881547559,62.3212,6.499,0.818,5.0,albert
