eval_loss,eval_accuracy,eval_precision,eval_recall,eval_f1,eval_runtime,eval_samples_per_second,eval_steps_per_second,epoch,model
1.3412543535232544,0.4296296296296296,0.4401067159050352,0.4296296296296296,0.4130359652484164,55.0023,7.363,0.927,5.0,bert
1.3460198640823364,0.4345679012345679,0.4330697065733251,0.4345679012345679,0.4084890940747257,53.8727,7.518,0.947,5.0,clinical_bert
1.3458025455474854,0.4320987654320987,0.4359412122832626,0.4320987654320987,0.4098860543050653,28.4695,14.226,1.791,5.0,distilbert
1.3524428606033323,0.4074074074074074,0.4133505572416693,0.4074074074074074,0.3930203103417994,98.374,4.117,0.518,5.0,biobert
1.354619026184082,0.4123456790123457,0.412117884578736,0.4123456790123457,0.3930856324660449,61.897,6.543,0.824,5.0,albert
