eval_loss,eval_accuracy,eval_precision,eval_recall,eval_f1,eval_runtime,eval_samples_per_second,eval_steps_per_second,epoch,model
1.3412543535232544,0.4296296296296296,0.4401067159050352,0.4296296296296296,0.4130359652484164,56.2477,7.2,0.907,5.0,bert
1.3460198640823364,0.4345679012345679,0.4330697065733251,0.4345679012345679,0.4084890940747257,54.767,7.395,0.931,5.0,clinical_bert
1.3458025455474854,0.4320987654320987,0.4359412122832626,0.4320987654320987,0.4098860543050653,27.4921,14.731,1.855,5.0,distilbert
1.3524428606033323,0.4074074074074074,0.4133505572416693,0.4074074074074074,0.3930203103417994,57.0275,7.102,0.894,5.0,biobert
1.354619026184082,0.4123456790123457,0.412117884578736,0.4123456790123457,0.3930856324660449,61.5123,6.584,0.829,5.0,albert
