Method,Model,Accuracy,Precision,Recall,F1
mu,ANN,0.7802469135802469,0.7807344688133,0.7802469135802469,0.7783532772178287
mu,CNN,0.8,0.8091092946608793,0.8,0.8011648385472897
