Accuracy,Precision,Recall,F1,Method,Model,Optimizer,TimeSec
0.8123456790123457,0.8139160148728836,0.8123456790123457,0.8126308413592551,mi,Logistic Regression,Randomized,5.727239370346069
0.7851851851851852,0.7870476132698355,0.7851851851851852,0.7846167248446817,mi,Gradient Boosting,Randomized,98.24266576766968
0.7283950617283951,0.7417090064414169,0.7283950617283951,0.7216068324619971,mi,KNN,Randomized,0.6127626895904541
0.7802469135802469,0.7840188452820827,0.7802469135802469,0.779215841502458,mi,Random Forest,Randomized,26.229507446289062
0.6839506172839506,0.6831668750691152,0.6839506172839506,0.6827249737986878,mi,Decision Tree,Randomized,0.30976176261901855
0.7851851851851852,0.7858009154632672,0.7851851851851852,0.785062905090419,mi,SVM,Randomized,9.849311351776123
