Method,Model,Accuracy,Precision,Recall,F1
fscs,ANN,0.7209876543209877,0.7288710236369216,0.7209876543209877,0.7178364902328818
fscs,CNN,0.7308641975308642,0.7437293690231648,0.7308641975308642,0.7319102612574653
