Method,Model,Accuracy,Precision,Recall,F1
mu,ANN,0.7111111111111111,0.7070341315003266,0.7111111111111111,0.7079886462515054
mu,CNN,0.7432098765432099,0.7564963890545287,0.7432098765432099,0.7459711822858844
