Method,Model,Accuracy,Precision,Recall,F1
fscs,ANN,0.8024691358024691,0.8043827913387153,0.8024691358024691,0.8016782725297084
fscs,CNN,0.8098765432098766,0.812062951316096,0.8098765432098766,0.8107148338986466
