Model,Accuracy,Precision,Recall,F1
Logistic Regression,0.7975308641975308,0.7989527375758513,0.7975308641975308,0.7968103149570304
Gradient Boosting,0.7703703703703704,0.7733386955476609,0.7703703703703704,0.7711378337030637
KNN,0.7037037037037037,0.7073984245603657,0.7037037037037037,0.7031627864825132
Random Forest,0.7901234567901234,0.7955908599424033,0.7901234567901234,0.7917054256232755
Decision Tree,0.6962962962962963,0.6991139769660102,0.6962962962962963,0.697033459927823
SVM,0.7654320987654321,0.7664943769680611,0.7654320987654321,0.7646369172063945
