Method,Model,Accuracy,Precision,Recall,F1
skb,ANN,0.8,0.7991528964862298,0.8,0.7981060492455436
skb,CNN,0.8049382716049382,0.8084760917674104,0.8049382716049382,0.8053959613383891
