Method,Model,Accuracy,Precision,Recall,F1
etc,ANN,0.7679012345679013,0.7654195358856901,0.7679012345679013,0.7633960045035604
etc,CNN,0.7679012345679013,0.7837772079722385,0.7679012345679013,0.76865629385695
